SAV_coords,fd_decision,fd_ratio,fd_path_prob,tf_patho_prob,tf_ratio,tf_decision,alphamissense_patho_prob,alphamissense_decision,alphamissense_refined_decision,rhapsody_patho_prob,rhapsody_decision
P29033 169 C G,pathogenic,1.0,0.9660218,0.9884641647338868,1.0,pathogenic,0.9812,likely_pathogenic,likely_pathogenic,0.873,deleterious
P29033 60 C R,pathogenic,1.0,0.96389467,0.9878984451293944,1.0,pathogenic,0.9975,likely_pathogenic,likely_pathogenic,0.91,deleterious
P29033 169 C S,pathogenic,1.0,0.9547278,0.9837313334147136,1.0,pathogenic,0.9984,likely_pathogenic,likely_pathogenic,0.857,deleterious
P29033 180 C F,pathogenic,1.0,0.94718635,0.9808703740437824,1.0,pathogenic,0.9982,likely_pathogenic,likely_pathogenic,0.885,deleterious
P29033 180 C Y,pathogenic,1.0,0.94490963,0.9800027211507162,1.0,pathogenic,0.9987,likely_pathogenic,likely_pathogenic,0.89,deleterious
P29033 24 W C,pathogenic,1.0,0.934667,0.9750417073567708,1.0,pathogenic,0.9867,likely_pathogenic,likely_pathogenic,0.714,deleterious
P29033 79 L R,pathogenic,1.0,0.9186105,0.9625722885131835,1.0,pathogenic,0.9877,likely_pathogenic,likely_pathogenic,0.78,deleterious
P29033 155 Y C,pathogenic,1.0,0.9088394,0.9596303939819336,1.0,pathogenic,0.3354,likely_benign,likely_benign,0.5,prob.neutral
P29033 87 P L,pathogenic,1.0,0.9049439,0.9587962468465168,1.0,pathogenic,0.9898,likely_pathogenic,likely_pathogenic,0.865,deleterious
P29033 155 Y S,pathogenic,1.0,0.9080385,0.957867177327474,1.0,pathogenic,0.3448,ambiguous,likely_benign,0.56,prob.delet.
P29033 13 V G,pathogenic,1.0,0.911832,0.9480884552001954,1.0,pathogenic,0.7236,likely_pathogenic,likely_pathogenic,0.802,deleterious
P29033 173 P L,pathogenic,1.0,0.8682515,0.9472849527994792,1.0,pathogenic,0.9883,likely_pathogenic,likely_pathogenic,0.817,deleterious
P29033 150 F I,pathogenic,1.0,0.87915415,0.946088981628418,1.0,pathogenic,0.9802,likely_pathogenic,likely_pathogenic,0.907,deleterious
P29033 72 S F,pathogenic,1.0,0.8642163,0.940163803100586,1.0,pathogenic,0.9895,likely_pathogenic,likely_pathogenic,0.742,deleterious
P29033 209 E G,pathogenic,1.0,0.9046359,0.9384486516316732,1.0,pathogenic,0.9814,likely_pathogenic,likely_pathogenic,0.713,deleterious
P29033 17 S C,pathogenic,1.0,0.8692935,0.9343475341796876,1.0,pathogenic,0.8313,likely_pathogenic,likely_pathogenic,0.659,deleterious
P29033 16 H P,pathogenic,1.0,0.87644726,0.9332547505696616,1.0,pathogenic,0.9235,likely_pathogenic,likely_pathogenic,0.752,deleterious
P29033 187 E G,pathogenic,1.0,0.827053,0.9328637440999348,1.0,pathogenic,0.9693,likely_pathogenic,likely_pathogenic,0.868,deleterious
P29033 150 F Y,pathogenic,1.0,0.85144114,0.9141837437947592,1.0,pathogenic,0.8868,likely_pathogenic,likely_pathogenic,0.753,deleterious
P29033 69 F L,pathogenic,1.0,0.8105037,0.911578623453776,1.0,pathogenic,0.9981,likely_pathogenic,likely_pathogenic,0.557,prob.delet.
P29033 142 F S,pathogenic,1.0,0.84010744,0.9007201512654622,1.0,pathogenic,0.6125,likely_pathogenic,likely_pathogenic,0.567,deleterious
P29033 89 L F,pathogenic,1.0,0.84335494,0.9006377538045247,1.0,pathogenic,0.5717,likely_pathogenic,likely_pathogenic,0.738,deleterious
P29033 43 V A,pathogenic,1.0,0.8191836,0.8983788808186849,1.0,pathogenic,0.8188,likely_pathogenic,likely_pathogenic,0.548,prob.delet.
P29033 179 D Y,pathogenic,1.0,0.7918943,0.8979974746704101,1.0,pathogenic,0.9696,likely_pathogenic,likely_pathogenic,0.67,deleterious
P29033 209 E D,pathogenic,1.0,0.86008805,0.8908587455749511,0.6666666666666666,pathogenic,0.9888,likely_pathogenic,likely_pathogenic,0.635,deleterious
P29033 189 T N,pathogenic,1.0,0.8137712,0.8822452545166015,1.0,pathogenic,0.3377,likely_benign,likely_benign,0.79,deleterious
P29033 178 V L,pathogenic,1.0,0.7328136,0.8789429982503255,1.0,pathogenic,0.9841,likely_pathogenic,likely_pathogenic,0.71,deleterious
P29033 195 M I,pathogenic,1.0,0.8012179,0.8782726923624674,1.0,pathogenic,0.9955,likely_pathogenic,likely_pathogenic,0.619,deleterious
P29033 161 F V,pathogenic,1.0,0.7748702,0.8698520024617513,1.0,pathogenic,0.6649,likely_pathogenic,likely_pathogenic,0.358,neutral
P29033 25 L F,pathogenic,1.0,0.80862296,0.8561185836791992,1.0,pathogenic,0.8309,likely_pathogenic,likely_pathogenic,0.686,deleterious
P29033 23 I M,pathogenic,1.0,0.77031654,0.8455337524414063,1.0,pathogenic,0.4875,ambiguous,likely_pathogenic,0.356,neutral
P29033 176 N S,pathogenic,1.0,0.7372463,0.8454023996988932,1.0,pathogenic,0.3474,ambiguous,likely_benign,0.599,deleterious
P29033 68 Y C,pathogenic,1.0,0.7463669,0.8379175186157226,1.0,pathogenic,0.4339,ambiguous,likely_benign,0.473,prob.neutral
P29033 76 L V,pathogenic,1.0,0.7114165,0.83418763478597,1.0,pathogenic,0.5645,likely_pathogenic,likely_pathogenic,0.554,prob.delet.
P29033 18 T S,pathogenic,1.0,0.8365874,0.8302310943603516,1.0,pathogenic,0.8019,likely_pathogenic,likely_pathogenic,0.785,deleterious
P29033 95 V A,pathogenic,1.0,0.8146979,0.8269262949625651,1.0,pathogenic,0.8055,likely_pathogenic,likely_pathogenic,0.539,prob.delet.
P29033 198 V G,pathogenic,1.0,0.8097011,0.8223122914632162,1.0,pathogenic,0.5241,ambiguous,likely_pathogenic,0.562,prob.delet.
P29033 94 H Q,pathogenic,1.0,0.8047178,0.8203395496715199,0.7333333333333333,pathogenic,0.9556,likely_pathogenic,likely_pathogenic,0.563,prob.delet.
P29033 40 A T,pathogenic,1.0,0.75087357,0.8020161310831706,1.0,pathogenic,0.6219,likely_pathogenic,likely_pathogenic,0.308,neutral
P29033 196 I S,pathogenic,1.0,0.80411226,0.7990070343017578,1.0,pathogenic,0.574,likely_pathogenic,likely_pathogenic,0.492,prob.neutral
P29033 94 H L,pathogenic,1.0,0.77716374,0.7902599970499674,1.0,pathogenic,0.9062,likely_pathogenic,likely_pathogenic,0.733,deleterious
P29033 78 A V,pathogenic,1.0,0.6550834,0.7549134572347005,1.0,pathogenic,0.4541,ambiguous,likely_pathogenic,0.549,prob.delet.
P29033 167 V G,pathogenic,1.0,0.6549103,0.7241594314575195,1.0,pathogenic,0.7457,likely_pathogenic,likely_pathogenic,0.323,neutral
P29033 165 R Q,pathogenic,1.0,0.5613524,0.7143567892221304,0.8666666666666667,pathogenic,0.2472,likely_benign,likely_benign,0.501,prob.neutral
P29033 167 V A,pathogenic,1.0,0.5929454,0.6851020540509906,0.9333333333333332,pathogenic,0.6765,likely_pathogenic,likely_pathogenic,0.433,neutral
P29033 151 M T,pathogenic,1.0,0.68486464,0.6784676869710287,1.0,pathogenic,0.5321,ambiguous,likely_pathogenic,0.168,neutral
P29033 196 I M,pathogenic,1.0,0.7094455,0.6751290003458659,1.0,pathogenic,0.1178,likely_benign,likely_benign,0.509,prob.delet.
P29033 19 S I,pathogenic,1.0,0.67812836,0.6605981190999349,1.0,pathogenic,0.6077,likely_pathogenic,likely_pathogenic,0.442,neutral
P29033 201 I M,pathogenic,1.0,0.66200715,0.6548729578653971,1.0,pathogenic,0.1501,likely_benign,likely_benign,0.341,neutral
P29033 168 K E,pathogenic,1.0,0.6491196,0.6432596842447916,1.0,pathogenic,0.6017,likely_pathogenic,likely_pathogenic,0.228,neutral
P29033 96 A G,pathogenic,1.0,0.6720369,0.6218209633460412,0.8666666666666667,pathogenic,0.339,likely_benign,likely_benign,0.7,deleterious
P29033 98 R G,pathogenic,1.0,0.64359015,0.5871836543083191,0.5333333333333333,pathogenic,0.3626,ambiguous,likely_benign,0.328,neutral
P29033 216 R I,pathogenic,1.0,0.6255749,0.5669541835784913,0.6666666666666666,pathogenic,0.3616,ambiguous,likely_benign,0.315,neutral
P29033 167 V M,benign,1.0,0.465403,0.3908976146153041,0.9333333333333332,benign,0.2769,likely_benign,likely_benign,0.47,prob.neutral
P29033 177 T A,benign,1.0,0.41085485,0.3766627841525607,0.6,benign,0.1151,likely_benign,likely_benign,0.079,neutral
P29033 157 M T,benign,0.8,0.43700603,0.3393297460344102,0.6,benign,0.4313,ambiguous,likely_benign,0.144,neutral
P29033 104 R S,pathogenic,1.0,0.56324756,0.317797589302063,0.6666666666666666,benign,0.7088,likely_pathogenic,likely_pathogenic,0.323,neutral
P29033 125 K Q,benign,0.6,0.47767103,0.3087374482836042,0.9333333333333332,benign,0.3127,likely_benign,likely_benign,0.199,neutral
P29033 151 M I,benign,0.8,0.45207494,0.303802626473563,0.9333333333333332,benign,0.6688,likely_pathogenic,likely_pathogenic,0.157,neutral
P29033 62 N S,benign,1.0,0.24056987,0.3007011651992798,0.6666666666666666,benign,0.4749,ambiguous,likely_pathogenic,0.139,neutral
P29033 5 T M,pathogenic,1.0,0.65411013,0.2639382123947144,0.6666666666666666,benign,0.1454,likely_benign,likely_benign,0.441,neutral
P29033 149 A T,benign,1.0,0.31156003,0.2374148686726888,1.0,benign,0.0727,likely_benign,likely_benign,0.056,neutral
P29033 117 D V,benign,1.0,0.4392032,0.2225268840789795,1.0,benign,0.4036,ambiguous,likely_benign,0.197,neutral
P29033 149 A S,benign,1.0,0.24623941,0.1870368321736653,1.0,benign,0.1283,likely_benign,likely_benign,0.062,neutral
P29033 94 H Y,pathogenic,1.0,0.6742404,0.1667110811580311,0.7333333333333333,benign,0.5784,likely_pathogenic,likely_pathogenic,0.202,neutral
P29033 138 S G,benign,1.0,0.3684047,0.1549127260843912,1.0,benign,0.0811,likely_benign,likely_benign,0.079,neutral
P29033 220 G V,benign,1.0,0.35162368,0.1473852157592773,1.0,benign,0.0933,likely_benign,likely_benign,0.222,neutral
P29033 103 K R,pathogenic,1.0,0.582345,0.1457082827885945,0.8,benign,0.1148,likely_benign,likely_benign,0.187,neutral
P29033 102 K N,benign,1.0,0.30245113,0.135877513885498,1.0,benign,0.3742,ambiguous,likely_benign,0.071,neutral
P29033 151 M L,benign,1.0,0.29592988,0.1312214851379394,1.0,benign,0.1661,likely_benign,likely_benign,0.099,neutral
P29033 121 I T,benign,1.0,0.35551938,0.1237959146499633,1.0,benign,0.8035,likely_pathogenic,likely_pathogenic,0.125,neutral
P29033 221 K N,benign,1.0,0.310938,0.1223000208536783,1.0,benign,0.1439,likely_benign,likely_benign,0.339,neutral
P29033 129 E K,benign,1.0,0.3116384,0.1076446374257405,1.0,benign,0.1275,likely_benign,likely_benign,0.1,neutral
P29033 171 A V,benign,1.0,0.24567631,0.0994453827540079,1.0,benign,0.1082,likely_benign,likely_benign,0.041,neutral
P29033 106 F S,benign,1.0,0.27377418,0.096641190846761,1.0,benign,0.8071,likely_pathogenic,likely_pathogenic,0.065,neutral
P29033 207 V L,benign,1.0,0.25761393,0.0963724374771118,1.0,benign,0.1354,likely_benign,likely_benign,0.087,neutral
P29033 118 I T,benign,1.0,0.27565888,0.0865631500879923,1.0,benign,0.1192,likely_benign,likely_benign,0.082,neutral
P29033 219 S F,benign,1.0,0.2658757,0.078418223063151,1.0,benign,0.0906,likely_benign,likely_benign,0.114,neutral
P29033 117 D G,benign,1.0,0.20887028,0.0716242472330729,1.0,benign,0.2801,likely_benign,likely_benign,0.145,neutral
P29033 218 C S,benign,1.0,0.23319668,0.0707437753677368,1.0,benign,0.1649,likely_benign,likely_benign,0.125,neutral
P29033 164 Q E,benign,1.0,0.126461,0.0477164983749389,1.0,benign,0.0779,likely_benign,likely_benign,0.065,neutral
P29033 126 V I,benign,1.0,0.12623742,0.0354608217875162,1.0,benign,0.0811,likely_benign,likely_benign,0.047,neutral
P29033 157 M I,benign,1.0,0.09509231,0.0330898801485697,1.0,benign,0.3057,likely_benign,likely_benign,0.04,neutral
